AG,bare_earth,CO_emissions_cmv,CO_emissions_commercial,CO_emissions_industrial,CO_emissions_nonroad,CO_emissions_onroad,CO_emissions_rail,CO_emissions_residential,CO_emissions_total,IND,Location_N,NO_2,OPEN,PM25_NA,PUBLIC,WATER,dev_1975_1990,dev_1990_2000,dev_2000_2014,dev_pre_1975,grass_low_veg,imperv_ground,imperv_roofs,impervious,intURB,no_dev,particulate_surface_area,percent_tree_cover,pm25,pop_per_ha,roof_AG,roof_IND,roof_intURB,roof_ruRES,roof_urbRES,ruRES,shrub_med_veg,slope,traffic,urbRES,road_density,CO_emissions_cmv_max,CO_emissions_cmv_mean,CO_emissions_cmv_sum,CO_emissions_onroad_max,CO_emissions_onroad_mean,CO_emissions_onroad_sum,CO_emissions_rail_max,CO_emissions_rail_mean,CO_emissions_rail_sum,rail_max,rail_mean,rail_sum,traffic_max,traffic_mean,traffic_sum,tnc_trees
0,0,0,26.50458527,0,90.21982574,360.4497986,0,234.2636414,711.4378662,0,KICLDRS8D_OUT,5.099999905,0,5.2,0,0,0.530882796,0,0,0.15848147,0.495329919,0.218137993,0.202470624,0.420608617,0,0.310635734,96.40000153,14.24329617,4.800000191,5.036624271,0,0,0,0.080144622,0.007080446,0.641759566,0,3.919784648,144.4218138,0.185899367,0.211804608,0,0,0,360.4497986,360.4497986,9383.002992,0,0,0,0,0,0,627,142.3660741,3705.984314,0.084061464
0,0,0,46.18526541,0,31.2042847,968.317915,0,110.5756096,1156.283047,0,KICHDRS8D_OUT,2.339999914,0,5.1,0,0,0.013784558,0,0,0.86285139,0.692170681,0.148687369,0.138155347,0.286842717,0,0.123364052,82.5,3.39526059,4.811918401,9.884381668,0,0,0,0,0.019747541,0,0,0.725181241,16.56222412,0.346782312,0.312202707,0,0,0,1044.05835,968.317915,49034.85975,0,0,0,0,0,0,78,14.2847518,723.3686275,0.020986603
0,7.58E-04,0,199.5067788,0,148.4539292,6475.338607,105.2633566,278.5385908,7207.101258,0.142327707,SEAI1S8D_OUT,5.159999847,0,6.549109931,0,0,0.084118724,0.002476747,0.005874567,0.493017606,0.217583812,0.271974326,0.107812812,0.379787138,0.244577811,0.414512357,106,18.81315976,6.322972558,5.464258552,0,0.042137327,0.022192809,0,0.014287527,0,0,9.265627866,1737.651566,0.339245372,0.218014645,0,0,0,7804.290527,6475.338607,7002634.318,147.8778992,105.2633566,113835.0962,0,0,0,32478,1597.685718,1727787.459,0.40170435
0,0,0,35.12617507,0,165.3523997,327.6552005,0,145.4927307,673.6264959,0,PIEHIRES_OUT,3.609999895,0,5.131076317,0,0,0.114988123,0.182302704,0.055812375,0.067491799,0.397713133,0.107609065,0.102607368,0.210216432,0.010289959,0.579405,108.8000031,18.18826402,4.832613123,9.983465,0,0,0.001923004,0,0.086205271,0,0.00432676,2.023457137,23.94068474,0.848763244,0.1629329,0,0,0,936.1022339,327.6552005,681548.5154,0,0,0,0,0,0,3120,10.18533992,21186.30588,0.387743675
0,0,0,11.26568416,0,23.50168369,151.9561516,0,48.22983324,234.9533509,0,PIELORES_OUT,3.349999905,0,5.5,0,0,0.008727466,0.017235301,0.009848743,0.002121179,0.172364565,0.044030355,0.020229226,0.064259581,0,0.962067311,74.09999847,61.13414289,5.248153065,2.813181859,0,0,0,0.020229226,0,1,0,6.205808557,17.37730396,0,0.132612283,0,0,0,315.8250122,151.9561516,103101.9509,0,0,0,0,0,0,628,20.40584451,13845.32549,0.763375853
0,0,0,603.4136039,0,680.575026,1690.53669,0,1034.802426,4009.327688,0,SNO_COM,3.369999886,0,5.097489629,0,0,0.801738678,0.021322176,0,0.154758875,0.210043852,0.363660573,0.297030992,0.660691565,1,0.022180271,100.5999985,1.100320158,5.145206075,59.14056741,0,0,0.297030992,0,0,0,0,2.259551147,1253.554116,0,0.272518269,0,0,0,8186.14502,1690.53669,1120255.684,0,0,0,0,0,0,23283,1723.869623,1142344.176,0.129264583
0.138354082,5.90E-05,0,29.95617376,0,32.3499123,304.1671188,2.201377897,68.46172158,437.1363232,0,SNO_LDR,3.4014343,0,4.897776408,0,0,0.232195242,0.088894367,0.036566827,0.101779038,0.608948601,0.159423148,0.103841571,0.263264719,0,0.540564526,104.8296686,8.018990098,4.640326092,2.260026835,0.004190805,0,0,0.095459961,0,0.719183204,0,2.303828689,33.75442705,0,0.110954676,0,0,0,542.9984131,304.1671188,145159.2844,2.207490921,2.201377897,1050.575228,0,0,0,1663,37.41968857,17857.99608,0.12778668
0,0,0,1914.26634,0,849.4090422,7912.249088,0,1425.000349,12102.00521,0,SEAC1S8D_OUT,4.369999886,0,5.86350192,0,0,0.037432929,0,0,0.946632432,0.15024134,0.403348579,0.380551886,0.783900465,0.933726316,0.015934638,144.1999969,1.725478867,6.664028176,106.4244582,0,0,0.364422487,0,0.011990742,0,0,2.61030091,1958.405932,0.022543505,0.394661771,0,0,0,11014.84766,7912.249088,9558958.78,0,0,0,0,0,0,189185,2010.019486,2428347.894,0.065858195
0,0,104.2611446,264.8033783,0,98.19253587,338.4955299,72.87635638,244.9381298,1123.567046,0,POSOUTFALL_60,3.680000067,0,6.2,0,0.153047273,0.017367273,0,0,0.982632727,0.032727273,0.878341818,0.039650909,0.917992727,0.846952727,0,101.0999985,0,6.766821911,10.30202191,0,0,0.039650909,0,0,0,0,2.962916443,0,0,0.185072492,180.8097992,104.2611446,14054.81116,1243.773682,338.4955299,45630.52487,113.156105,72.87635638,9824.01863,0,0,0,1773,2.867723636,386.5803922,0
0,0,0.107550276,466.2876225,0,324.7671501,1991.441281,2.228834153,964.7245963,3749.557021,0,SEAR1S8D_OUT,3.789999962,0,5.503778119,0,0,0.002754233,0,0,0.997245767,0.332559853,0.237105026,0.229957791,0.467062817,0.152756643,0,88.40000153,9.063636551,6.384508055,32.33803072,0,0,0.045623868,0,0.11505808,0,0,2.203732811,646.7122033,0.401105825,0.313223505,2.916287184,0.107550276,61.25346728,2122.235352,1991.441281,1134192.191,60.43611145,2.228834153,1269.395345,0,0,0,19915,734.9432146,418574.6588,0.20037733
0,4.90E-05,3547.527225,193.2407414,0,153.4574944,173.9917324,0.737058707,4.135546364,4073.089759,0.643992874,POT564S8D_OUT,4.019999981,0,6.174566253,0,0.327315233,0.087668254,0.003904874,0.003986545,0.7410022,0.003843621,0.769081563,0.04685849,0.815940054,0,0.159722116,114.6999969,0,6.700398465,0.088461948,0,0.039048742,0,0,0,0,0,0.281868444,6.136170365,0,0.065735523,3760.979492,3547.527225,2725460.828,381.0241089,173.9917324,133672.7306,0.990181506,0.737058707,566.2605261,1,0.236089205,181.3803922,2778,5.309597823,4079.207843,0
0,0,0,115.8992928,0,116.7344569,3182.760365,0,137.3237546,3552.717874,0,PIECOMM_OUT,3.609999895,0,6.117182586,0,0,0.41396423,0,0,0.58603577,0.198555425,0.447916667,0.250343947,0.698260613,1,0,108.8000031,1.299823113,5.534433895,15.80810917,0,0,0.250343947,0,0,0,0,4.02664602,202.8140232,0,0.194085592,0,0,0,3767.50415,3182.760365,254021.7214,0,0,0,0,0,0,38663,216.6397897,17290.40392,0.103183962
0,0,0,85.61761475,0,105.1324844,954.5327759,0,365.4398804,1510.722778,0,SNO_HDR,3.440000057,0,4.89441085,0,0,0.932100898,0,0,0,0.298951854,0.236351071,0.214380327,0.450731398,0,0.067899102,104.8000031,22.48447938,4.900000095,22.75310382,0,0,0,0,0.079186823,0,0,0.621970203,129.0398814,0.263130615,0.28103969,0,0,0,954.5327759,954.5327759,129996.1343,0,0,0,0,0,0,823,119.0770848,16216.89804,0.250316747
0,0.012572257,0,47.862746,0,32.16347614,987.453248,0,113.6490702,1181.128508,0,KICCOMS8D_OUT,2.339999914,0,5.1,0,0.014776809,0,0,0,0.980605439,0.206772704,0.632939969,0.134222678,0.767162648,0.094304772,0.019394561,82.5,0.424422781,4.800000191,12.63003276,0,0,0.002360185,0,0,0,0,0.591855204,1085.144279,0.029656234,0.28914407,0,0,0,1044.05835,987.453248,37736.20354,0,0,0,0,0,0,12614,1144.168086,43725.16863,0
0,0,0,1081.817175,0,475.2111012,2483.230502,38.75053936,248.7236931,4331.502997,0,TAC001S8D_OF235,4.019999981,0,6.641157028,0,0.003198085,0.066220007,0,0,0.92106984,0.269832592,0.505626128,0.205545729,0.711171857,0.940969431,0.012399278,114.6999969,0.281299244,6.309000102,11.73695885,0,0,0.198481356,0.00483822,0.002226153,0.010387522,0,5.06387331,1755.532429,0.005527863,0.390573276,0,0,0,2835.486572,2483.230502,2725272.44,183.590744,38.75053936,42527.57722,1,0.049525647,54.35294118,40006,1651.525622,1812500.796,0.015004199
0,0,14.25282564,269.1228494,0,187.753118,2751.291248,316.0969977,9.258802675,3547.776012,0.390451664,TAC003S8D_OF245,4.019999981,0,6.8,0,0.004480068,0.032320493,0,0,0.967679507,0.027352798,0.687842862,0.282747166,0.970590028,0.171248324,0,114.6999969,0,6.5443313,8.484897912,0,0.115506522,0.032945264,0,0,0,0,0.685269645,36.99910094,0,0.177250989,98.72571564,14.25282564,3667.950706,2835.486572,2751.291248,708042.1052,1101.670898,316.0969977,81347.25245,1,0.494864684,127.3529412,2041,42.46618615,10928.63137,0
0,3.96E-05,0,225.8995497,0,210.7839666,2355.745528,4.976769345,400.9638891,3198.369629,0.004480583,TFWFD1,3.858863944,0,6.343120064,0,2.98E-05,0.012459862,0.009398056,0.009568703,0.860458357,0.476569336,0.28105242,0.142119207,0.423171627,0.17977159,0.108115022,114.3840439,4.313461524,5.727556079,19.7003264,0,0.00182261,0.024300871,0.001898552,0.070755984,0.007165955,0.001594784,3.162332321,1468.258621,0.393105412,0.31094549,0,0,0,7992.256836,2355.745528,3.10E+07,183.590744,4.976769345,65533.74744,1,0.008465011,111.4666667,182296,1425.158426,1.88E+07,0.098578186